-- phpMyAdmin SQL Dump
-- version 4.6.5.1
-- https://www.phpmyadmin.net/
--
-- Host: localhost:3306
-- Generation Time: Jun 09, 2018 at 11:45 AM
-- Server version: 5.6.34
-- PHP Version: 7.1.0

SET SQL_MODE = "NO_AUTO_VALUE_ON_ZERO";
SET time_zone = "+00:00";


/*!40101 SET @OLD_CHARACTER_SET_CLIENT=@@CHARACTER_SET_CLIENT */;
/*!40101 SET @OLD_CHARACTER_SET_RESULTS=@@CHARACTER_SET_RESULTS */;
/*!40101 SET @OLD_COLLATION_CONNECTION=@@COLLATION_CONNECTION */;
/*!40101 SET NAMES utf8mb4 */;

--
-- Database: `smsreport`
--

-- --------------------------------------------------------

--
-- Table structure for table `countries`
--

CREATE TABLE `countries` (
  `cnt_id` int(11) NOT NULL,
  `cnt_code` int(11) NOT NULL,
  `cnt_title` varchar(200) NOT NULL,
  `cnt_created` date NOT NULL
) ENGINE=InnoDB DEFAULT CHARSET=utf8;

--
-- Dumping data for table `countries`
--

INSERT INTO `countries` (`cnt_id`, `cnt_code`, `cnt_title`, `cnt_created`) VALUES
(1, 1, 'New Zealand', '2018-06-07'),
(2, 2, 'Israel', '2018-06-08');

-- --------------------------------------------------------

--
-- Table structure for table `numbers`
--

CREATE TABLE `numbers` (
  `num_id` int(11) NOT NULL,
  `cnt_id` int(11) NOT NULL,
  `num_number` varchar(20) NOT NULL,
  `num_created` date NOT NULL
) ENGINE=InnoDB DEFAULT CHARSET=utf8;

--
-- Dumping data for table `numbers`
--

INSERT INTO `numbers` (`num_id`, `cnt_id`, `num_number`, `num_created`) VALUES
(1, 1, '64', '2018-06-07'),
(2, 2, '972', '2018-06-08');

-- --------------------------------------------------------

--
-- Table structure for table `send_log`
--

CREATE TABLE `send_log` (
  `log_id` int(11) NOT NULL,
  `usr_id` int(11) NOT NULL,
  `num_id` int(11) NOT NULL,
  `log_message` varchar(200) NOT NULL,
  `log_success` tinyint(1) NOT NULL,
  `log_created` date NOT NULL
) ENGINE=InnoDB DEFAULT CHARSET=utf8;

--
-- Dumping data for table `send_log`
--

INSERT INTO `send_log` (`log_id`, `usr_id`, `num_id`, `log_message`, `log_success`, `log_created`) VALUES
(1, 1, 1, 'Success', 1, '2018-06-07'),
(2, 2, 2, 'Success', 1, '2018-06-08'),
(3, 1, 2, 'Success', 0, '2018-06-07');

-- --------------------------------------------------------

--
-- Table structure for table `send_log_aggregated`
--

CREATE TABLE `send_log_aggregated` (
  `id` int(11) NOT NULL,
  `usr_id` int(11) NOT NULL,
  `cnt_id` int(11) NOT NULL,
  `day` date NOT NULL,
  `sent` int(11) NOT NULL,
  `failed` int(11) NOT NULL
) ENGINE=InnoDB DEFAULT CHARSET=utf8;

--
-- Dumping data for table `send_log_aggregated`
--

INSERT INTO `send_log_aggregated` (`id`, `usr_id`, `cnt_id`, `day`, `sent`, `failed`) VALUES
(1, 1, 1, '2018-06-07', 1, 0),
(2, 1, 2, '2018-06-07', 0, 1),
(3, 2, 2, '2018-06-08', 1, 0),
(4, 1, 1, '2018-06-07', 1, 0),
(5, 1, 2, '2018-06-07', 0, 1),
(6, 2, 2, '2018-06-08', 1, 0),
(7, 1, 1, '2018-06-07', 1, 0),
(8, 1, 2, '2018-06-07', 0, 1),
(9, 2, 2, '2018-06-08', 1, 0),
(10, 1, 1, '2018-06-07', 1, 0),
(11, 1, 2, '2018-06-07', 0, 1),
(12, 2, 2, '2018-06-08', 1, 0),
(13, 1, 1, '2018-06-07', 1, 0),
(14, 1, 2, '2018-06-07', 0, 1),
(15, 2, 2, '2018-06-08', 1, 0),
(16, 1, 1, '2018-06-07', 1, 0),
(17, 1, 2, '2018-06-07', 0, 1),
(18, 2, 2, '2018-06-08', 1, 0),
(19, 1, 1, '2018-06-07', 1, 0),
(20, 1, 2, '2018-06-07', 0, 1),
(21, 2, 2, '2018-06-08', 1, 0),
(22, 1, 1, '2018-06-07', 1, 0),
(23, 1, 2, '2018-06-07', 0, 1),
(24, 2, 2, '2018-06-08', 1, 0),
(25, 1, 1, '2018-06-07', 1, 0),
(26, 1, 2, '2018-06-07', 0, 1),
(27, 2, 2, '2018-06-08', 1, 0),
(28, 1, 1, '2018-06-07', 1, 0),
(29, 1, 2, '2018-06-07', 0, 1),
(30, 2, 2, '2018-06-08', 1, 0),
(31, 1, 1, '2018-06-07', 1, 0),
(32, 1, 2, '2018-06-07', 0, 1),
(33, 2, 2, '2018-06-08', 1, 0),
(34, 1, 1, '2018-06-07', 1, 0),
(35, 1, 2, '2018-06-07', 0, 1),
(36, 2, 2, '2018-06-08', 1, 0),
(37, 1, 1, '2018-06-07', 1, 0),
(38, 1, 2, '2018-06-07', 0, 1),
(39, 2, 2, '2018-06-08', 1, 0),
(40, 1, 1, '2018-06-07', 1, 0),
(41, 1, 2, '2018-06-07', 0, 1),
(42, 2, 2, '2018-06-08', 1, 0),
(43, 1, 1, '2018-06-07', 1, 0),
(44, 1, 2, '2018-06-07', 0, 1),
(45, 2, 2, '2018-06-08', 1, 0),
(46, 1, 1, '2018-06-07', 1, 0),
(47, 1, 2, '2018-06-07', 0, 1),
(48, 2, 2, '2018-06-08', 1, 0),
(49, 1, 1, '2018-06-07', 1, 0),
(50, 1, 2, '2018-06-07', 0, 1),
(51, 2, 2, '2018-06-08', 1, 0),
(52, 1, 1, '2018-06-07', 1, 0),
(53, 1, 2, '2018-06-07', 0, 1),
(54, 2, 2, '2018-06-08', 1, 0),
(55, 1, 1, '2018-06-07', 1, 0),
(56, 1, 2, '2018-06-07', 0, 1),
(57, 2, 2, '2018-06-08', 1, 0),
(58, 1, 1, '2018-06-07', 1, 0),
(59, 1, 2, '2018-06-07', 0, 1),
(60, 2, 2, '2018-06-08', 1, 0),
(61, 1, 1, '2018-06-07', 1, 0),
(62, 1, 2, '2018-06-07', 0, 1),
(63, 2, 2, '2018-06-08', 1, 0),
(64, 1, 1, '2018-06-07', 1, 0),
(65, 1, 2, '2018-06-07', 0, 1),
(66, 2, 2, '2018-06-08', 1, 0),
(67, 1, 1, '2018-06-07', 1, 0),
(68, 1, 2, '2018-06-07', 0, 1),
(69, 2, 2, '2018-06-08', 1, 0),
(70, 1, 1, '2018-06-07', 1, 0),
(71, 1, 2, '2018-06-07', 0, 1),
(72, 2, 2, '2018-06-08', 1, 0),
(73, 1, 1, '2018-06-07', 1, 0),
(74, 1, 2, '2018-06-07', 0, 1),
(75, 2, 2, '2018-06-08', 1, 0),
(76, 1, 1, '2018-06-07', 1, 0),
(77, 1, 2, '2018-06-07', 0, 1),
(78, 2, 2, '2018-06-08', 1, 0),
(79, 1, 1, '2018-06-07', 1, 0),
(80, 1, 2, '2018-06-07', 0, 1),
(81, 2, 2, '2018-06-08', 1, 0),
(82, 1, 1, '2018-06-07', 1, 0),
(83, 1, 2, '2018-06-07', 0, 1),
(84, 2, 2, '2018-06-08', 1, 0),
(85, 1, 1, '2018-06-07', 1, 0),
(86, 1, 2, '2018-06-07', 0, 1),
(87, 2, 2, '2018-06-08', 1, 0),
(88, 1, 1, '2018-06-07', 1, 0),
(89, 1, 2, '2018-06-07', 0, 1),
(90, 2, 2, '2018-06-08', 1, 0),
(91, 1, 1, '2018-06-07', 1, 0),
(92, 1, 2, '2018-06-07', 0, 1),
(93, 2, 2, '2018-06-08', 1, 0),
(94, 1, 1, '2018-06-07', 1, 0),
(95, 1, 2, '2018-06-07', 0, 1),
(96, 2, 2, '2018-06-08', 1, 0),
(97, 1, 1, '2018-06-07', 1, 0),
(98, 1, 2, '2018-06-07', 0, 1),
(99, 2, 2, '2018-06-08', 1, 0),
(100, 1, 1, '2018-06-07', 1, 0),
(101, 1, 2, '2018-06-07', 0, 1),
(102, 2, 2, '2018-06-08', 1, 0),
(103, 1, 1, '2018-06-07', 1, 0),
(104, 1, 2, '2018-06-07', 0, 1),
(105, 2, 2, '2018-06-08', 1, 0),
(106, 1, 1, '2018-06-07', 1, 0),
(107, 1, 2, '2018-06-07', 0, 1),
(108, 2, 2, '2018-06-08', 1, 0),
(109, 1, 1, '2018-06-07', 1, 0),
(110, 1, 2, '2018-06-07', 0, 1),
(111, 2, 2, '2018-06-08', 1, 0),
(112, 1, 1, '2018-06-07', 1, 0),
(113, 1, 2, '2018-06-07', 0, 1),
(114, 2, 2, '2018-06-08', 1, 0),
(115, 1, 1, '2018-06-07', 1, 0),
(116, 1, 2, '2018-06-07', 0, 1),
(117, 2, 2, '2018-06-08', 1, 0),
(118, 1, 1, '2018-06-07', 1, 0),
(119, 1, 2, '2018-06-07', 0, 1),
(120, 2, 2, '2018-06-08', 1, 0),
(121, 1, 1, '2018-06-07', 1, 0),
(122, 1, 2, '2018-06-07', 0, 1),
(123, 2, 2, '2018-06-08', 1, 0),
(124, 1, 1, '2018-06-07', 1, 0),
(125, 1, 2, '2018-06-07', 0, 1),
(126, 2, 2, '2018-06-08', 1, 0),
(127, 1, 1, '2018-06-07', 1, 0),
(128, 1, 2, '2018-06-07', 0, 1),
(129, 2, 2, '2018-06-08', 1, 0),
(130, 1, 1, '2018-06-07', 1, 0),
(131, 1, 2, '2018-06-07', 0, 1),
(132, 2, 2, '2018-06-08', 1, 0),
(133, 1, 1, '2018-06-07', 1, 0),
(134, 1, 2, '2018-06-07', 0, 1),
(135, 2, 2, '2018-06-08', 1, 0),
(136, 1, 1, '2018-06-07', 1, 0),
(137, 1, 2, '2018-06-07', 0, 1),
(138, 2, 2, '2018-06-08', 1, 0),
(139, 1, 1, '2018-06-07', 1, 0),
(140, 1, 2, '2018-06-07', 0, 1),
(141, 2, 2, '2018-06-08', 1, 0),
(142, 1, 1, '2018-06-07', 1, 0),
(143, 1, 2, '2018-06-07', 0, 1),
(144, 2, 2, '2018-06-08', 1, 0),
(145, 1, 1, '2018-06-07', 1, 0),
(146, 1, 2, '2018-06-07', 0, 1),
(147, 2, 2, '2018-06-08', 1, 0),
(148, 1, 1, '2018-06-07', 1, 0),
(149, 1, 2, '2018-06-07', 0, 1),
(150, 2, 2, '2018-06-08', 1, 0),
(151, 1, 1, '2018-06-07', 1, 0),
(152, 1, 2, '2018-06-07', 0, 1),
(153, 2, 2, '2018-06-08', 1, 0),
(154, 1, 1, '2018-06-07', 1, 0),
(155, 1, 2, '2018-06-07', 0, 1),
(156, 2, 2, '2018-06-08', 1, 0),
(157, 1, 1, '2018-06-07', 1, 0),
(158, 1, 2, '2018-06-07', 0, 1),
(159, 2, 2, '2018-06-08', 1, 0),
(160, 1, 1, '2018-06-07', 1, 0),
(161, 1, 2, '2018-06-07', 0, 1),
(162, 2, 2, '2018-06-08', 1, 0),
(163, 1, 1, '2018-06-07', 1, 0),
(164, 1, 2, '2018-06-07', 0, 1),
(165, 2, 2, '2018-06-08', 1, 0),
(166, 1, 1, '2018-06-07', 1, 0),
(167, 1, 2, '2018-06-07', 0, 1),
(168, 2, 2, '2018-06-08', 1, 0),
(169, 1, 1, '2018-06-07', 1, 0),
(170, 1, 2, '2018-06-07', 0, 1),
(171, 2, 2, '2018-06-08', 1, 0),
(172, 1, 1, '2018-06-07', 1, 0),
(173, 1, 2, '2018-06-07', 0, 1),
(174, 2, 2, '2018-06-08', 1, 0),
(175, 1, 1, '2018-06-07', 1, 0),
(176, 1, 2, '2018-06-07', 0, 1),
(177, 2, 2, '2018-06-08', 1, 0),
(178, 1, 1, '2018-06-07', 1, 0),
(179, 1, 2, '2018-06-07', 0, 1),
(180, 2, 2, '2018-06-08', 1, 0),
(181, 1, 1, '2018-06-07', 1, 0),
(182, 1, 2, '2018-06-07', 0, 1),
(183, 2, 2, '2018-06-08', 1, 0),
(184, 1, 1, '2018-06-07', 1, 0),
(185, 1, 2, '2018-06-07', 0, 1),
(186, 2, 2, '2018-06-08', 1, 0),
(187, 1, 1, '2018-06-07', 1, 0),
(188, 1, 2, '2018-06-07', 0, 1),
(189, 2, 2, '2018-06-08', 1, 0),
(190, 1, 1, '2018-06-07', 1, 0),
(191, 1, 2, '2018-06-07', 0, 1),
(192, 2, 2, '2018-06-08', 1, 0),
(193, 1, 1, '2018-06-07', 1, 0),
(194, 1, 2, '2018-06-07', 0, 1),
(195, 2, 2, '2018-06-08', 1, 0),
(196, 1, 1, '2018-06-07', 1, 0),
(197, 1, 2, '2018-06-07', 0, 1),
(198, 2, 2, '2018-06-08', 1, 0),
(199, 1, 1, '2018-06-07', 1, 0),
(200, 1, 2, '2018-06-07', 0, 1),
(201, 2, 2, '2018-06-08', 1, 0),
(202, 1, 1, '2018-06-07', 1, 0),
(203, 1, 2, '2018-06-07', 0, 1),
(204, 2, 2, '2018-06-08', 1, 0),
(205, 1, 1, '2018-06-07', 1, 0),
(206, 1, 2, '2018-06-07', 0, 1),
(207, 2, 2, '2018-06-08', 1, 0),
(208, 1, 1, '2018-06-07', 1, 0),
(209, 1, 2, '2018-06-07', 0, 1),
(210, 2, 2, '2018-06-08', 1, 0),
(211, 1, 1, '2018-06-07', 1, 0),
(212, 1, 2, '2018-06-07', 0, 1),
(213, 2, 2, '2018-06-08', 1, 0),
(214, 1, 1, '2018-06-07', 1, 0),
(215, 1, 2, '2018-06-07', 0, 1),
(216, 2, 2, '2018-06-08', 1, 0),
(217, 1, 1, '2018-06-07', 1, 0),
(218, 1, 2, '2018-06-07', 0, 1),
(219, 2, 2, '2018-06-08', 1, 0),
(220, 1, 1, '2018-06-07', 1, 0),
(221, 1, 2, '2018-06-07', 0, 1),
(222, 2, 2, '2018-06-08', 1, 0),
(223, 1, 1, '2018-06-07', 1, 0),
(224, 1, 2, '2018-06-07', 0, 1),
(225, 2, 2, '2018-06-08', 1, 0),
(226, 1, 1, '2018-06-07', 1, 0),
(227, 1, 2, '2018-06-07', 0, 1),
(228, 2, 2, '2018-06-08', 1, 0),
(229, 1, 1, '2018-06-07', 1, 0),
(230, 1, 2, '2018-06-07', 0, 1),
(231, 2, 2, '2018-06-08', 1, 0),
(232, 1, 1, '2018-06-07', 1, 0),
(233, 1, 2, '2018-06-07', 0, 1),
(234, 2, 2, '2018-06-08', 1, 0),
(235, 1, 1, '2018-06-07', 1, 0),
(236, 1, 2, '2018-06-07', 0, 1),
(237, 2, 2, '2018-06-08', 1, 0),
(238, 1, 1, '2018-06-07', 1, 0),
(239, 1, 2, '2018-06-07', 0, 1),
(240, 2, 2, '2018-06-08', 1, 0),
(241, 1, 1, '2018-06-07', 1, 0),
(242, 1, 2, '2018-06-07', 0, 1),
(243, 2, 2, '2018-06-08', 1, 0),
(244, 1, 1, '2018-06-07', 1, 0),
(245, 1, 2, '2018-06-07', 0, 1),
(246, 2, 2, '2018-06-08', 1, 0),
(247, 1, 1, '2018-06-07', 1, 0),
(248, 1, 2, '2018-06-07', 0, 1),
(249, 2, 2, '2018-06-08', 1, 0),
(250, 1, 1, '2018-06-07', 1, 0),
(251, 1, 2, '2018-06-07', 0, 1),
(252, 2, 2, '2018-06-08', 1, 0),
(253, 1, 1, '2018-06-07', 1, 0),
(254, 1, 2, '2018-06-07', 0, 1),
(255, 2, 2, '2018-06-08', 1, 0),
(256, 1, 1, '2018-06-07', 1, 0),
(257, 1, 2, '2018-06-07', 0, 1),
(258, 2, 2, '2018-06-08', 1, 0),
(259, 1, 1, '2018-06-07', 1, 0),
(260, 1, 2, '2018-06-07', 0, 1),
(261, 2, 2, '2018-06-08', 1, 0),
(262, 1, 1, '2018-06-07', 1, 0),
(263, 1, 2, '2018-06-07', 0, 1),
(264, 2, 2, '2018-06-08', 1, 0),
(265, 1, 1, '2018-06-07', 1, 0),
(266, 1, 2, '2018-06-07', 0, 1),
(267, 2, 2, '2018-06-08', 1, 0),
(268, 1, 1, '2018-06-07', 1, 0),
(269, 1, 2, '2018-06-07', 0, 1),
(270, 2, 2, '2018-06-08', 1, 0),
(271, 1, 1, '2018-06-07', 1, 0),
(272, 1, 2, '2018-06-07', 0, 1),
(273, 2, 2, '2018-06-08', 1, 0),
(274, 1, 1, '2018-06-07', 1, 0),
(275, 1, 2, '2018-06-07', 0, 1),
(276, 2, 2, '2018-06-08', 1, 0),
(277, 1, 1, '2018-06-07', 1, 0),
(278, 1, 2, '2018-06-07', 0, 1),
(279, 2, 2, '2018-06-08', 1, 0),
(280, 1, 1, '2018-06-07', 1, 0),
(281, 1, 2, '2018-06-07', 0, 1),
(282, 2, 2, '2018-06-08', 1, 0),
(283, 1, 1, '2018-06-07', 1, 0),
(284, 1, 2, '2018-06-07', 0, 1),
(285, 2, 2, '2018-06-08', 1, 0),
(286, 1, 1, '2018-06-07', 1, 0),
(287, 1, 2, '2018-06-07', 0, 1),
(288, 2, 2, '2018-06-08', 1, 0),
(289, 1, 1, '2018-06-07', 1, 0),
(290, 1, 2, '2018-06-07', 0, 1),
(291, 2, 2, '2018-06-08', 1, 0),
(292, 1, 1, '2018-06-07', 1, 0),
(293, 1, 2, '2018-06-07', 0, 1),
(294, 2, 2, '2018-06-08', 1, 0),
(295, 1, 1, '2018-06-07', 1, 0),
(296, 1, 2, '2018-06-07', 0, 1),
(297, 2, 2, '2018-06-08', 1, 0),
(298, 1, 1, '2018-06-07', 1, 0),
(299, 1, 2, '2018-06-07', 0, 1),
(300, 2, 2, '2018-06-08', 1, 0),
(301, 1, 1, '2018-06-07', 1, 0),
(302, 1, 2, '2018-06-07', 0, 1),
(303, 2, 2, '2018-06-08', 1, 0),
(304, 1, 1, '2018-06-07', 1, 0),
(305, 1, 2, '2018-06-07', 0, 1),
(306, 2, 2, '2018-06-08', 1, 0),
(307, 1, 1, '2018-06-07', 1, 0),
(308, 1, 2, '2018-06-07', 0, 1),
(309, 2, 2, '2018-06-08', 1, 0),
(310, 1, 1, '2018-06-07', 1, 0),
(311, 1, 2, '2018-06-07', 0, 1),
(312, 2, 2, '2018-06-08', 1, 0),
(313, 1, 1, '2018-06-07', 1, 0),
(314, 1, 2, '2018-06-07', 0, 1),
(315, 2, 2, '2018-06-08', 1, 0),
(316, 1, 1, '2018-06-07', 1, 0),
(317, 1, 2, '2018-06-07', 0, 1),
(318, 2, 2, '2018-06-08', 1, 0),
(319, 1, 1, '2018-06-07', 1, 0),
(320, 1, 2, '2018-06-07', 0, 1),
(321, 2, 2, '2018-06-08', 1, 0),
(322, 1, 1, '2018-06-07', 1, 0),
(323, 1, 2, '2018-06-07', 0, 1),
(324, 2, 2, '2018-06-08', 1, 0),
(325, 1, 1, '2018-06-07', 1, 0),
(326, 1, 2, '2018-06-07', 0, 1),
(327, 2, 2, '2018-06-08', 1, 0),
(328, 1, 1, '2018-06-07', 1, 0),
(329, 1, 2, '2018-06-07', 0, 1),
(330, 2, 2, '2018-06-08', 1, 0),
(331, 1, 1, '2018-06-07', 1, 0),
(332, 1, 2, '2018-06-07', 0, 1),
(333, 2, 2, '2018-06-08', 1, 0),
(334, 1, 1, '2018-06-07', 1, 0),
(335, 1, 2, '2018-06-07', 0, 1),
(336, 2, 2, '2018-06-08', 1, 0),
(337, 1, 1, '2018-06-07', 1, 0),
(338, 1, 2, '2018-06-07', 0, 1),
(339, 2, 2, '2018-06-08', 1, 0),
(340, 1, 1, '2018-06-07', 1, 0),
(341, 1, 2, '2018-06-07', 0, 1),
(342, 2, 2, '2018-06-08', 1, 0),
(343, 1, 1, '2018-06-07', 1, 0),
(344, 1, 2, '2018-06-07', 0, 1),
(345, 2, 2, '2018-06-08', 1, 0);

-- --------------------------------------------------------

--
-- Table structure for table `users`
--

CREATE TABLE `users` (
  `usr_id` int(11) NOT NULL,
  `usr_name` varchar(200) NOT NULL,
  `usr_active` int(1) NOT NULL,
  `usr_created` date NOT NULL
) ENGINE=InnoDB DEFAULT CHARSET=utf8;

--
-- Dumping data for table `users`
--

INSERT INTO `users` (`usr_id`, `usr_name`, `usr_active`, `usr_created`) VALUES
(1, 'Hagai', 1, '2018-06-07'),
(2, 'Yosi', 1, '2018-06-08');

--
-- Indexes for dumped tables
--

--
-- Indexes for table `countries`
--
ALTER TABLE `countries`
  ADD PRIMARY KEY (`cnt_id`);

--
-- Indexes for table `numbers`
--
ALTER TABLE `numbers`
  ADD PRIMARY KEY (`num_id`);

--
-- Indexes for table `send_log`
--
ALTER TABLE `send_log`
  ADD PRIMARY KEY (`log_id`);

--
-- Indexes for table `send_log_aggregated`
--
ALTER TABLE `send_log_aggregated`
  ADD PRIMARY KEY (`id`);

--
-- Indexes for table `users`
--
ALTER TABLE `users`
  ADD PRIMARY KEY (`usr_id`);

--
-- AUTO_INCREMENT for dumped tables
--

--
-- AUTO_INCREMENT for table `countries`
--
ALTER TABLE `countries`
  MODIFY `cnt_id` int(11) NOT NULL AUTO_INCREMENT, AUTO_INCREMENT=3;
--
-- AUTO_INCREMENT for table `numbers`
--
ALTER TABLE `numbers`
  MODIFY `num_id` int(11) NOT NULL AUTO_INCREMENT, AUTO_INCREMENT=3;
--
-- AUTO_INCREMENT for table `send_log`
--
ALTER TABLE `send_log`
  MODIFY `log_id` int(11) NOT NULL AUTO_INCREMENT, AUTO_INCREMENT=4;
--
-- AUTO_INCREMENT for table `send_log_aggregated`
--
ALTER TABLE `send_log_aggregated`
  MODIFY `id` int(11) NOT NULL AUTO_INCREMENT, AUTO_INCREMENT=346;
--
-- AUTO_INCREMENT for table `users`
--
ALTER TABLE `users`
  MODIFY `usr_id` int(11) NOT NULL AUTO_INCREMENT, AUTO_INCREMENT=3;
/*!40101 SET CHARACTER_SET_CLIENT=@OLD_CHARACTER_SET_CLIENT */;
/*!40101 SET CHARACTER_SET_RESULTS=@OLD_CHARACTER_SET_RESULTS */;
/*!40101 SET COLLATION_CONNECTION=@OLD_COLLATION_CONNECTION */;
